{"cameraMode":{"drawMode":0,"name":"Shaded","section":"Shading Mode"},"sceneLighting":false,"audioPlay":false,"sceneViewState":{"m_AlwaysRefresh":false,"showFog":true,"showSkybox":false,"showFlares":true,"showImageEffects":true,"showParticleSystems":true,"showVisualEffectGraphs":true,"m_FxEnabled":true},"in2DMode":false,"pivot":{"x":1.0158302783966065,"y":0.7909889221191406,"z":-0.0108870267868042},"rotation":{"x":0.005986553616821766,"y":0.9928590655326843,"z":0.10582704842090607,"w":-0.0557296946644783},"size":0.8660253882408142,"orthographic":false}