{"cameraMode":{"drawMode":0,"name":"Shaded","section":"Shading Mode"},"sceneLighting":false,"audioPlay":false,"sceneViewState":{"m_AlwaysRefresh":false,"showFog":true,"showSkybox":false,"showFlares":true,"showImageEffects":true,"showParticleSystems":true,"showVisualEffectGraphs":true,"m_FxEnabled":true},"in2DMode":false,"pivot":{"x":1.6958966255187989,"y":1.4085674285888672,"z":-1.7073650360107422},"rotation":{"x":-0.05598071217536926,"y":0.9429084062576294,"z":-0.2537093460559845,"w":-0.20867396891117097},"size":1.2247449159622193,"orthographic":false}