{"cameraMode":{"drawMode":0,"name":"Shaded","section":"Shading Mode"},"sceneLighting":true,"audioPlay":false,"sceneViewState":{"m_AlwaysRefresh":false,"showFog":true,"showSkybox":true,"showFlares":true,"showImageEffects":true,"showParticleSystems":true,"showVisualEffectGraphs":true,"m_FxEnabled":true},"in2DMode":false,"pivot":{"x":-0.3477582633495331,"y":1.9257383346557618,"z":2.077138900756836},"rotation":{"x":-0.016333401203155519,"y":0.9721316695213318,"z":-0.22281475365161897,"w":-0.0712890699505806},"size":1.9510188102722169,"orthographic":false}