{"cameraMode":{"drawMode":0,"name":"Shaded","section":"Shading Mode"},"sceneLighting":true,"audioPlay":false,"sceneViewState":{"m_AlwaysRefresh":false,"showFog":true,"showSkybox":true,"showFlares":true,"showImageEffects":true,"showParticleSystems":true,"showVisualEffectGraphs":true,"m_FxEnabled":true},"in2DMode":false,"pivot":{"x":0.1647006869316101,"y":1.2915786504745484,"z":0.6809693574905396},"rotation":{"x":-0.031781040132045749,"y":0.9671629667282105,"z":-0.15390968322753907,"w":-0.19978347420692445},"size":1.0258055925369263,"orthographic":false}