{"cameraMode":{"drawMode":0,"name":"Shaded","section":"Shading Mode"},"sceneLighting":true,"audioPlay":false,"sceneViewState":{"m_AlwaysRefresh":false,"showFog":true,"showSkybox":true,"showFlares":true,"showImageEffects":true,"showParticleSystems":true,"showVisualEffectGraphs":true,"m_FxEnabled":true},"in2DMode":false,"pivot":{"x":0.3732825517654419,"y":0.005517482757568359,"z":-3.094081401824951},"rotation":{"x":-0.020014045760035516,"y":-0.9796413779258728,"z":0.15438935160636903,"w":-0.1271008849143982},"size":3.360905170440674,"orthographic":false}