{"cameraMode":{"drawMode":0,"name":"Shaded","section":"Shading Mode"},"sceneLighting":false,"audioPlay":false,"sceneViewState":{"m_AlwaysRefresh":false,"showFog":true,"showSkybox":false,"showFlares":true,"showImageEffects":true,"showParticleSystems":true,"showVisualEffectGraphs":true,"m_FxEnabled":true},"in2DMode":false,"pivot":{"x":2.1534478664398195,"y":1.274234652519226,"z":-1.5799386501312256},"rotation":{"x":-0.022974174469709398,"y":0.9540289044380188,"z":-0.07634975761175156,"w":-0.28913503885269167},"size":1.2247449159622193,"orthographic":false}