{"cameraMode":{"drawMode":0,"name":"Shaded","section":"Shading Mode"},"sceneLighting":false,"audioPlay":false,"sceneViewState":{"m_AlwaysRefresh":false,"showFog":true,"showSkybox":false,"showFlares":true,"showImageEffects":true,"showParticleSystems":true,"showVisualEffectGraphs":true,"m_FxEnabled":true},"in2DMode":false,"pivot":{"x":-1.481868863105774,"y":0.9868394136428833,"z":-0.3312801122665405},"rotation":{"x":-0.014715583063662053,"y":0.9061383605003357,"z":-0.03154085576534271,"w":-0.42170223593711855},"size":1.2788456678390504,"orthographic":false}